{
	"titleScreen":true,
	"imgCount":"1",
	"templateType":"EVA",
	"titleText": {
		"url":"",
		"location":""
	},
	"narrator": {
		"url": "narrator.ogg",
		"location": "content"
	},
	"background": {
		"url": "titleBg.png",
		"location": "content"
	},
	"krikalapText": {
		"url": "",
		"location": ""
	},
	"jariRakheinBtn": {
		"url": "zaariRakhein.svg",
		"location": "content"
	},
	"jariRakheinBtn_original": {
		"url": "zaariRakhein.svg",
		"location": "content"
	},
	"jariRakheinBtn_hover": {
		"url": "zaariRakhein_hover.svg",
		"location": "content"
	}
	
}