{
	"theme_name":"theme1",
	"productType":"elementary",
	"titleScreen":true,
	"imgCount":"3",
	"titleText": {
		"url":"titleText.png",
		"location":"content",
		"position":{
			"top":"1%",
			 "width":"28.7%"		
		}
	},
	"narrator": {
		"url": "narrator.ogg",
		"location": "content"
	},
	"background": {
		"url": "titleBg.png",
		"location": "theme"
	},
	"krikalapText": {
		"url": "kriyakalaap.png",
		"location": "content",
		"position":{
			"top":"auto",
			"left":"0px",
			"bottom":"16%"			
		}
	},
	"jariRakheinBtn": {
		"url": "zaariRakhein.png",
		"location": "content",
		"position":{
			"top":" 84%",
			"left":" "
			 			
		}
	},
	"jariRakheinBtn_original": {
		"url": "zaariRakhein.png",
		"location": "content"
	},
	"jariRakheinBtn_hover": {
		"url": "zaariRakhein_hover.png",
		"location": "content"
	}
	
}