{	
	"productType": "elementary",
  	"theme_name": "theme1",
	"commonassets": {
		"instruction_img": {
			"url": "assets/instruction_bar.png",
			"location": "content"
		},
		"instruction_vo": {
			"url": "assets/ques_vo.ogg",
			"location": "content"
		},
		"background": {
			"urlglobal": "global/tabs/bg/bg_1.svg",
			"location": "theme"
		},	
		"isFirstQues": true,
		"imgCount": 9
	},
	"option_common_assets": {
		"option_base": {
			"url": "",
			"location": ""
		},
		"option_base_hover": {
			"url": "",
			"location": ""
		}
	},
	"optionObj": {
		"leftOptions": [{
			"id": "001",
			"matchingId": "005",
			"imgsrc": {
				"url": "assets/options/left_opt1.png",
				"location": "content"
			},
			"imgsrc_audio": {
				"url": "assets/options/run.ogg",
				"location": "content"
			}
		}, {
			"id": "002",
			"matchingId": "007",
			"imgsrc": {
				"url": "assets/options/left_opt2.png",
				"location": "content"
			},
			"imgsrc_audio": {
				"url": "assets/options/tap.ogg",
				"location": "content"
			}
		}, {
			"id": "003",
			"matchingId": "006",
			"imgsrc": {
				"url": "assets/options/left_opt3.png",
				"location": "content"
			},
			"imgsrc_audio": {
				"url": "assets/options/skip.ogg",
				"location": "content"
			}
		}],
		"centralImg": {
			"url": "assets/question/central_holder.png",
			"location": "content"
		},
		"rightOptions": [{
			"id": "005",
			"matchingId": "001",
			"imgsrc": {
				"url": "assets/options/right_opt1.png",
				"location": "content"
			},
			"imgsrc_audio": {
				"url": "assets/options/skip.ogg",
				"location": "content"
			}
		},{
			"id": "006",
			"matchingId": "003",
			"imgsrc": {
				"url": "assets/options/right_opt2.png",
				"location": "content"
			},
			"imgsrc_audio": {
				"url": "assets/options/tap.ogg",
				"location": "content"
			}
		}, {
			"id": "007",
			"matchingId": "002",
			"imgsrc": {
				"url": "assets/options/right_opt3.png",
				"location": "content"
			},
			"imgsrc_audio": {
				"url": "assets/options/run.ogg",
				"location": "content"
			}
		}]
	},

	"quesObj": [{
		"quesInstruction": {
			"url": "assets/ques_vo.ogg",
			"location": "content",
			"autoPlay": true
		},
		"quesImg": {
			"url": "",
			"location": ""
		},
		"quesImgHover": {
			"url": "",
			"location": ""
		},
		"quesImgOriginal": {
			"url": "",
			"location": ""
		},
		"submitRequired": false,
    	"replayRequired": false
	}],


	"feedback": {
		"noOfSubQues": 3,
		"style_header": {
			"border": "solid .4vmin #057499",
			"border-top-left-radius": "20px",
			"border-top-right-radius": "20px",
			"background": "#129fc1"
		},
		"style_body": {
			"border": "solid .4vmin #057499",
			"border-bottom-left-radius": "20px",
			"border-bottom-right-radius": "20px",
			"border-top": "none",
			"background": "linear-gradient(180deg, rgba(255,255,255,1) 0%, rgba(89,180,197,1) 100%)"
		},
		"headerTxt_img": {
            "url": "assets/popups/show_answer/header_popup_text.png",
            "location": "content"
        },
		"popup_commmon_imgs": {
			"bg_img": {
				"url": "assets/popups/show_answer/popupBase.png",
				"location": "content"
			},
			"close_btn": {
				"urlglobal": "global/popups/closeBtn.png",
				"location": "theme"
			},
			"close_btn_hover": {
				"urlglobal": "global/popups/closeBtnHover.png",
				"location": "theme"
			},
			"close_btn_original": {
				"urlglobal": "global/popups/closeBtn.png",
				"location": "theme"
			},
			"option_base":{
				"url":"optBase.png",
				"location":"content"
			}
		},
		"popupAssets": [{
				"imgLeft": {
					"url": "assets/options/left_opt1.png",
					"location": "content"
				},
				"imgRight": {
					"url": "assets/options/right_opt1.png",
					"location": "content"
				},
				"feedbackAudio": {
					"url": "assets/options/yerunh.ogg",
					"location": "content"
				}
		}, {
				"imgLeft": {
					"url": "assets/options/left_opt2.png",
					"location": "content"
				},
				"imgRight": {
					"url": "assets/options/right_opt3.png",
					"location": "content"
				},
				"feedbackAudio": {
					"url": "assets/options/yetaph.ogg",
					"location": "content"
				}
		}, {
				"imgLeft": {
					"url": "assets/options/left_opt3.png",
					"location": "content"
				},
				"imgRight": {
					"url": "assets/options/right_opt2.png",
					"location": "content"
				},
				"feedbackAudio": {
					"url": "assets/options/yeskiph.ogg",
					"location": "content"
				}
		}
		],
		"wrong_ans_popup": {

		},
		"right_ans_sound": {
			"url": "assets/feedback/correctans.ogg",
			"location": "content"
		},
		"single_right_ans":[
			{
				"url": "assets/options/forRun.ogg",
				"location": "content"
			},
			{
				"url": "assets/options/fortap.ogg",
				"location": "content"
			},
			{
				"url": "assets/options/forskip.ogg",
				"location": "content"
			},
			{
				"url": "assets/options/forskip.ogg",
				"location": "content"
			}
		],
		"wrong_ans_sound": {
			"url": "assets/feedback/newWrong.ogg",
			"location": "content"
		}
	},
	"confirm_popup": {
		"style_header": {
			"border": "solid .4vmin #057499",
			"border-top-left-radius": "20px",
			"border-top-right-radius": "20px",
			"background": "#129fc1"
		},
		"style_body": {
			"border": "solid .4vmin #057499",
			"border-bottom-left-radius": "20px",
			"border-bottom-right-radius": "20px",
			"border-top": "none",
			"background": "linear-gradient(180deg, rgba(255,255,255,1) 0%, rgba(89,180,197,1) 100%)"
		},
		"headerTxt_img": {
            "url": "assets/popups/show_answer_confirmation/header_confirm_text.png",
            "location": "content"
        },
		"bg_img": {
			"url": "assets/popups/show_answer_confirmation/confirmation_popup_base.png",
			"location": "content"
		},
		"close_btn": {
			"urlglobal": "global/popups/closeBtn.png",
			"location": "theme"
		},
		"close_btn_hover": {
			"urlglobal": "global/popups/closeBtnHover.png",
			"location": "theme"
		},
		"close_btn_original": {
			"urlglobal": "global/popups/closeBtn.png",
			"location": "theme"
		},
		"confirm_text": {
			"url": "assets/popups/show_answer_confirmation/confirmation_popup_text.png",
			"location": "content"
		},
		"confirm_btn": {
			"urlglobal": "global/popups/yes_btn.png",
			"location": "theme"
		},
		"confirm_btn_hover": {
			"urlglobal": "global/popups/yes_btn_Hover.png",
			"location": "theme"
		},
		"confirm_btn_original": {
			"urlglobal": "global/popups/yes_btn.png",
			"location": "theme"
		},
		"decline_btn": {
			"urlglobal": "global/popups/no_btn.png",
			"location": "theme"
		},
		"decline_btn_hover": {
			"urlglobal": "global/popups/no_btn_Hover.png",
			"location": "theme"
		},
		"decline_btn_original": {
			"urlglobal": "global/popups/no_btn.png",
			"location": "theme"
		}
	}
}